                  epoch,         train/box_loss,         train/cls_loss,         train/dfl_loss,   metrics/precision(B),      metrics/recall(B),       metrics/mAP50(B),    metrics/mAP50-95(B),           val/box_loss,           val/cls_loss,           val/dfl_loss,                 lr/pg0,                 lr/pg1,                 lr/pg2
                      1,                 3.4403,                 28.749,                 3.8412,                  9e-05,                0.35714,                0.00077,                  9e-05,                0.71488,                 148.32,                0.89101,                0.00052,                0.00052,                0.00052
                      2,                 2.4333,                 27.452,                 3.1642,                  9e-05,                0.39286,                  8e-05,                  2e-05,                0.74854,                 85.397,                0.90638,             0.00085012,             0.00085012,             0.00085012
                      3,                 2.4729,                 24.582,                 3.1575,                 0.0001,                0.39286,                0.00013,                  3e-05,                0.77032,                 78.597,                0.92115,              0.0009664,              0.0009664,              0.0009664
                      4,                 3.0967,                 19.522,                 3.4629,                 0.0001,                0.42857,                0.00013,                  3e-05,                0.77783,                 74.862,                0.92645,               0.000812,               0.000812,               0.000812
                      5,                 2.7927,                 17.522,                 3.3614,                  9e-05,                0.14286,                0.00012,                  2e-05,                 0.7937,                 58.973,                0.92209,               0.000812,               0.000812,               0.000812
